,movie_name,release_year,imdb,metascore,votes
0,Star Wars: Episode VII - The Force Awakens,2015,7.9,81,822755
1,Mad Max: Fury Road,2015,8.1,90,815099
2,The Martian,2015,8.0,80,710212
3,Avengers: Age of Ultron,2015,7.3,66,696457
4,The Revenant,2015,8.0,76,652809
5,Inside Out,2015,8.2,94,563734
6,Jurassic World,2015,7.0,59,554218
7,Ant-Man,2015,7.3,64,530340
8,The Hateful Eight,2015,7.8,68,471893
9,Spotlight,2015,8.1,93,384001
10,Spectre,2015,6.8,60,363670
11,Furious 7,2015,7.2,67,343871
12,Sicario,2015,7.6,82,343475
13,Room,2015,8.1,86,334909
14,The Big Short,2015,7.8,81,326821
15,Mission: Impossible - Rogue Nation,2015,7.4,75,323086
16,Fifty Shades of Grey,2015,4.1,46,285755
17,Bridge of Spies,2015,7.6,81,271273
18,The Hunger Games: Mockingjay - Part 2,2015,6.5,65,264157
19,The Man from U.N.C.L.E.,2015,7.3,56,249640
20,Terminator Genisys,2015,6.4,38,246386
21,Creed,2015,7.6,82,233835
22,Spy,2015,7.0,75,219488
23,Chappie,2015,6.8,41,219128
24,Maze Runner: The Scorch Trials,2015,6.3,43,208164
25,Southpaw,2015,7.4,57,206105
26,Insurgent,2015,6.2,42,205929
27,Minions,2015,6.4,56,200853
28,The Intern,2015,7.1,51,199751
29,Focus,2015,6.6,56,199742
30,San Andreas,2015,6.0,43,199659
31,The Lobster,2015,7.2,82,195161
32,Everest,2015,7.1,64,186535
33,Ted 2,2015,6.3,48,173019
34,The Witch,2015,6.9,83,172217
35,Jupiter Ascending,2015,5.3,40,171154
36,Straight Outta Compton,2015,7.9,72,170022
37,Tomorrowland,2015,6.4,60,165219
38,Black Mass,2015,6.9,68,160049
39,The Danish Girl,2015,7.1,66,152810
40,Cinderella,2015,6.9,67,149686
41,Legend,2015,6.9,55,145401
42,The Age of Adaline,2015,7.2,51,144482
43,Fantastic Four,2015,4.3,27,143814
44,Star Wars: Episode VII - The Force Awakens,2015,7.9,81,822755
45,Mad Max: Fury Road,2015,8.1,90,815099
46,The Martian,2015,8.0,80,710212
47,Avengers: Age of Ultron,2015,7.3,66,696457
48,The Revenant,2015,8.0,76,652809
49,Inside Out,2015,8.2,94,563734
50,Jurassic World,2015,7.0,59,554218
51,Ant-Man,2015,7.3,64,530340
52,The Hateful Eight,2015,7.8,68,471893
53,Spotlight,2015,8.1,93,384001
54,Spectre,2015,6.8,60,363670
55,Furious 7,2015,7.2,67,343871
56,Sicario,2015,7.6,82,343475
57,Room,2015,8.1,86,334909
58,The Big Short,2015,7.8,81,326821
59,Mission: Impossible - Rogue Nation,2015,7.4,75,323086
60,Fifty Shades of Grey,2015,4.1,46,285755
61,Bridge of Spies,2015,7.6,81,271273
62,The Hunger Games: Mockingjay - Part 2,2015,6.5,65,264157
63,The Man from U.N.C.L.E.,2015,7.3,56,249640
64,Terminator Genisys,2015,6.4,38,246386
65,Creed,2015,7.6,82,233835
66,Spy,2015,7.0,75,219488
67,Chappie,2015,6.8,41,219128
68,Maze Runner: The Scorch Trials,2015,6.3,43,208164
69,Southpaw,2015,7.4,57,206105
70,Insurgent,2015,6.2,42,205929
71,Minions,2015,6.4,56,200853
72,The Intern,2015,7.1,51,199751
73,Focus,2015,6.6,56,199742
74,San Andreas,2015,6.0,43,199659
75,The Lobster,2015,7.2,82,195161
76,Everest,2015,7.1,64,186535
77,Ted 2,2015,6.3,48,173019
78,The Witch,2015,6.9,83,172217
79,Jupiter Ascending,2015,5.3,40,171154
80,Straight Outta Compton,2015,7.9,72,170022
81,Tomorrowland,2015,6.4,60,165219
82,Black Mass,2015,6.9,68,160049
83,The Danish Girl,2015,7.1,66,152810
84,Cinderella,2015,6.9,67,149686
85,Legend,2015,6.9,55,145401
86,The Age of Adaline,2015,7.2,51,144482
87,Fantastic Four,2015,4.3,27,143814
88,Star Wars: Episode VII - The Force Awakens,2015,7.9,81,822755
89,Mad Max: Fury Road,2015,8.1,90,815099
90,The Martian,2015,8.0,80,710212
91,Avengers: Age of Ultron,2015,7.3,66,696457
92,The Revenant,2015,8.0,76,652809
93,Inside Out,2015,8.2,94,563734
94,Jurassic World,2015,7.0,59,554218
95,Ant-Man,2015,7.3,64,530340
96,The Hateful Eight,2015,7.8,68,471893
97,Spotlight,2015,8.1,93,384001
98,Spectre,2015,6.8,60,363670
99,Furious 7,2015,7.2,67,343871
100,Sicario,2015,7.6,82,343475
101,Room,2015,8.1,86,334909
102,The Big Short,2015,7.8,81,326821
103,Mission: Impossible - Rogue Nation,2015,7.4,75,323086
104,Fifty Shades of Grey,2015,4.1,46,285755
105,Bridge of Spies,2015,7.6,81,271273
106,The Hunger Games: Mockingjay - Part 2,2015,6.5,65,264157
107,The Man from U.N.C.L.E.,2015,7.3,56,249640
108,Terminator Genisys,2015,6.4,38,246386
109,Creed,2015,7.6,82,233835
110,Spy,2015,7.0,75,219488
111,Chappie,2015,6.8,41,219128
112,Maze Runner: The Scorch Trials,2015,6.3,43,208164
113,Southpaw,2015,7.4,57,206105
114,Insurgent,2015,6.2,42,205929
115,Minions,2015,6.4,56,200853
116,The Intern,2015,7.1,51,199751
117,Focus,2015,6.6,56,199742
118,San Andreas,2015,6.0,43,199659
119,The Lobster,2015,7.2,82,195161
120,Everest,2015,7.1,64,186535
121,Ted 2,2015,6.3,48,173019
122,The Witch,2015,6.9,83,172217
123,Jupiter Ascending,2015,5.3,40,171154
124,Straight Outta Compton,2015,7.9,72,170022
125,Tomorrowland,2015,6.4,60,165219
126,Black Mass,2015,6.9,68,160049
127,The Danish Girl,2015,7.1,66,152810
128,Cinderella,2015,6.9,67,149686
129,Legend,2015,6.9,55,145401
130,The Age of Adaline,2015,7.2,51,144482
131,Fantastic Four,2015,4.3,27,143814
132,Star Wars: Episode VII - The Force Awakens,2015,7.9,81,822755
133,Mad Max: Fury Road,2015,8.1,90,815099
134,The Martian,2015,8.0,80,710212
135,Avengers: Age of Ultron,2015,7.3,66,696457
136,The Revenant,2015,8.0,76,652809
137,Inside Out,2015,8.2,94,563734
138,Jurassic World,2015,7.0,59,554218
139,Ant-Man,2015,7.3,64,530340
140,The Hateful Eight,2015,7.8,68,471893
141,Spotlight,2015,8.1,93,384001
142,Spectre,2015,6.8,60,363670
143,Furious 7,2015,7.2,67,343871
144,Sicario,2015,7.6,82,343475
145,Room,2015,8.1,86,334909
146,The Big Short,2015,7.8,81,326821
147,Mission: Impossible - Rogue Nation,2015,7.4,75,323086
148,Fifty Shades of Grey,2015,4.1,46,285755
149,Bridge of Spies,2015,7.6,81,271273
150,The Hunger Games: Mockingjay - Part 2,2015,6.5,65,264157
151,The Man from U.N.C.L.E.,2015,7.3,56,249640
152,Terminator Genisys,2015,6.4,38,246386
153,Creed,2015,7.6,82,233835
154,Spy,2015,7.0,75,219488
155,Chappie,2015,6.8,41,219128
156,Maze Runner: The Scorch Trials,2015,6.3,43,208164
157,Southpaw,2015,7.4,57,206105
158,Insurgent,2015,6.2,42,205929
159,Minions,2015,6.4,56,200853
160,The Intern,2015,7.1,51,199751
161,Focus,2015,6.6,56,199742
162,San Andreas,2015,6.0,43,199659
163,The Lobster,2015,7.2,82,195161
164,Everest,2015,7.1,64,186535
165,Ted 2,2015,6.3,48,173019
166,The Witch,2015,6.9,83,172217
167,Jupiter Ascending,2015,5.3,40,171154
168,Straight Outta Compton,2015,7.9,72,170022
169,Tomorrowland,2015,6.4,60,165219
170,Black Mass,2015,6.9,68,160049
171,The Danish Girl,2015,7.1,66,152810
172,Cinderella,2015,6.9,67,149686
173,Legend,2015,6.9,55,145401
174,The Age of Adaline,2015,7.2,51,144482
175,Fantastic Four,2015,4.3,27,143814
176,Deadpool,2016,8.0,65,854513
177,Captain America: Civil War,2016,7.8,75,616972
178,Batman v Superman: Dawn of Justice,2016,6.5,44,594772
179,Suicide Squad,2016,6.0,40,559298
180,Doctor Strange,2016,7.5,72,550158
181,Arrival,2016,7.9,81,545019
182,Rogue One: A Star Wars Story,2016,7.8,65,515148
183,La La Land,2016,8.0,93,460842
184,Zootopia,2016,8.0,78,401746
185,Hacksaw Ridge,2016,8.1,71,390921
186,Split,2016,7.3,62,387595
187,Fantastic Beasts and Where to Find Them,2016,7.3,66,382727
188,X-Men: Apocalypse,2016,6.9,52,372360
189,Passengers,2016,7.0,41,324661
190,10 Cloverfield Lane,2016,7.2,76,271907
191,The Nice Guys,2016,7.4,70,253423
192,The Jungle Book,2016,7.4,77,247981
193,Moonlight,2016,7.4,99,243780
194,The Accountant,2016,7.3,51,243164
195,Moana,2016,7.6,81,241366
196,Warcraft,2016,6.8,32,232058
197,Now You See Me 2,2016,6.5,46,227840
198,Manchester by the Sea,2016,7.8,96,225419
199,Finding Dory,2016,7.3,77,223318
200,Nocturnal Animals,2016,7.5,67,216983
201,Star Trek Beyond,2016,7.1,68,216332
202,Sully,2016,7.4,74,215528
203,The Conjuring 2,2016,7.3,65,207563
204,Don't Breathe,2016,7.1,71,199258
205,Jason Bourne,2016,6.6,58,196740
206,Ghostbusters,2016,5.2,60,194312
207,Lion,2016,8.0,69,191771
208,Me Before You,2016,7.4,51,186994
209,Hell or High Water,2016,7.6,88,185770
210,Hidden Figures,2016,7.8,74,180588
211,The Magnificent Seven,2016,6.9,54,174457
212,Assassin's Creed,2016,5.7,36,173409
213,The Secret Life of Pets,2016,6.5,61,172410
214,Captain Fantastic,2016,7.9,72,169179
215,The Promise,2016,5.9,49,165598
216,Sausage Party,2016,6.1,66,165237
217,War Dogs,2016,7.1,57,162676
218,Independence Day: Resurgence,2016,5.2,32,159450
219,The Girl on the Train,2016,6.5,48,158068
220,The Legend of Tarzan,2016,6.2,44,155301
221,Your Name.,2016,8.4,79,154412
222,Central Intelligence,2016,6.3,52,146905
223,Deadpool,2016,8.0,65,854513
224,Captain America: Civil War,2016,7.8,75,616972
225,Batman v Superman: Dawn of Justice,2016,6.5,44,594772
226,Suicide Squad,2016,6.0,40,559298
227,Doctor Strange,2016,7.5,72,550158
228,Arrival,2016,7.9,81,545019
229,Rogue One: A Star Wars Story,2016,7.8,65,515148
230,La La Land,2016,8.0,93,460842
231,Zootopia,2016,8.0,78,401746
232,Hacksaw Ridge,2016,8.1,71,390921
233,Split,2016,7.3,62,387595
234,Fantastic Beasts and Where to Find Them,2016,7.3,66,382727
235,X-Men: Apocalypse,2016,6.9,52,372360
236,Passengers,2016,7.0,41,324661
237,10 Cloverfield Lane,2016,7.2,76,271907
238,The Nice Guys,2016,7.4,70,253423
239,The Jungle Book,2016,7.4,77,247981
240,Moonlight,2016,7.4,99,243780
241,The Accountant,2016,7.3,51,243164
242,Moana,2016,7.6,81,241366
243,Warcraft,2016,6.8,32,232058
244,Now You See Me 2,2016,6.5,46,227840
245,Manchester by the Sea,2016,7.8,96,225419
246,Finding Dory,2016,7.3,77,223318
247,Nocturnal Animals,2016,7.5,67,216983
248,Star Trek Beyond,2016,7.1,68,216332
249,Sully,2016,7.4,74,215528
250,The Conjuring 2,2016,7.3,65,207563
251,Don't Breathe,2016,7.1,71,199258
252,Jason Bourne,2016,6.6,58,196740
253,Ghostbusters,2016,5.2,60,194312
254,Lion,2016,8.0,69,191771
255,Me Before You,2016,7.4,51,186994
256,Hell or High Water,2016,7.6,88,185770
257,Hidden Figures,2016,7.8,74,180588
258,The Magnificent Seven,2016,6.9,54,174457
259,Assassin's Creed,2016,5.7,36,173409
260,The Secret Life of Pets,2016,6.5,61,172410
261,Captain Fantastic,2016,7.9,72,169179
262,The Promise,2016,5.9,49,165598
263,Sausage Party,2016,6.1,66,165237
264,War Dogs,2016,7.1,57,162676
265,Independence Day: Resurgence,2016,5.2,32,159450
266,The Girl on the Train,2016,6.5,48,158068
267,The Legend of Tarzan,2016,6.2,44,155301
268,Your Name.,2016,8.4,79,154412
269,Central Intelligence,2016,6.3,52,146905
270,Deadpool,2016,8.0,65,854513
271,Captain America: Civil War,2016,7.8,75,616972
272,Batman v Superman: Dawn of Justice,2016,6.5,44,594772
273,Suicide Squad,2016,6.0,40,559298
274,Doctor Strange,2016,7.5,72,550158
275,Arrival,2016,7.9,81,545019
276,Rogue One: A Star Wars Story,2016,7.8,65,515148
277,La La Land,2016,8.0,93,460842
278,Zootopia,2016,8.0,78,401746
279,Hacksaw Ridge,2016,8.1,71,390921
280,Split,2016,7.3,62,387595
281,Fantastic Beasts and Where to Find Them,2016,7.3,66,382727
282,X-Men: Apocalypse,2016,6.9,52,372360
283,Passengers,2016,7.0,41,324661
284,10 Cloverfield Lane,2016,7.2,76,271907
285,The Nice Guys,2016,7.4,70,253423
286,The Jungle Book,2016,7.4,77,247981
287,Moonlight,2016,7.4,99,243780
288,The Accountant,2016,7.3,51,243164
289,Moana,2016,7.6,81,241366
290,Warcraft,2016,6.8,32,232058
291,Now You See Me 2,2016,6.5,46,227840
292,Manchester by the Sea,2016,7.8,96,225419
293,Finding Dory,2016,7.3,77,223318
294,Nocturnal Animals,2016,7.5,67,216983
295,Star Trek Beyond,2016,7.1,68,216332
296,Sully,2016,7.4,74,215528
297,The Conjuring 2,2016,7.3,65,207563
298,Don't Breathe,2016,7.1,71,199258
299,Jason Bourne,2016,6.6,58,196740
300,Ghostbusters,2016,5.2,60,194312
301,Lion,2016,8.0,69,191771
302,Me Before You,2016,7.4,51,186994
303,Hell or High Water,2016,7.6,88,185770
304,Hidden Figures,2016,7.8,74,180588
305,The Magnificent Seven,2016,6.9,54,174457
306,Assassin's Creed,2016,5.7,36,173409
307,The Secret Life of Pets,2016,6.5,61,172410
308,Captain Fantastic,2016,7.9,72,169179
309,The Promise,2016,5.9,49,165598
310,Sausage Party,2016,6.1,66,165237
311,War Dogs,2016,7.1,57,162676
312,Independence Day: Resurgence,2016,5.2,32,159450
313,The Girl on the Train,2016,6.5,48,158068
314,The Legend of Tarzan,2016,6.2,44,155301
315,Your Name.,2016,8.4,79,154412
316,Central Intelligence,2016,6.3,52,146905
317,Deadpool,2016,8.0,65,854513
318,Captain America: Civil War,2016,7.8,75,616972
319,Batman v Superman: Dawn of Justice,2016,6.5,44,594772
320,Suicide Squad,2016,6.0,40,559298
321,Doctor Strange,2016,7.5,72,550158
322,Arrival,2016,7.9,81,545019
323,Rogue One: A Star Wars Story,2016,7.8,65,515148
324,La La Land,2016,8.0,93,460842
325,Zootopia,2016,8.0,78,401746
326,Hacksaw Ridge,2016,8.1,71,390921
327,Split,2016,7.3,62,387595
328,Fantastic Beasts and Where to Find Them,2016,7.3,66,382727
329,X-Men: Apocalypse,2016,6.9,52,372360
330,Passengers,2016,7.0,41,324661
331,10 Cloverfield Lane,2016,7.2,76,271907
332,The Nice Guys,2016,7.4,70,253423
333,The Jungle Book,2016,7.4,77,247981
334,Moonlight,2016,7.4,99,243780
335,The Accountant,2016,7.3,51,243164
336,Moana,2016,7.6,81,241366
337,Warcraft,2016,6.8,32,232058
338,Now You See Me 2,2016,6.5,46,227840
339,Manchester by the Sea,2016,7.8,96,225419
340,Finding Dory,2016,7.3,77,223318
341,Nocturnal Animals,2016,7.5,67,216983
342,Star Trek Beyond,2016,7.1,68,216332
343,Sully,2016,7.4,74,215528
344,The Conjuring 2,2016,7.3,65,207563
345,Don't Breathe,2016,7.1,71,199258
346,Jason Bourne,2016,6.6,58,196740
347,Ghostbusters,2016,5.2,60,194312
348,Lion,2016,8.0,69,191771
349,Me Before You,2016,7.4,51,186994
350,Hell or High Water,2016,7.6,88,185770
351,Hidden Figures,2016,7.8,74,180588
352,The Magnificent Seven,2016,6.9,54,174457
353,Assassin's Creed,2016,5.7,36,173409
354,The Secret Life of Pets,2016,6.5,61,172410
355,Captain Fantastic,2016,7.9,72,169179
356,The Promise,2016,5.9,49,165598
357,Sausage Party,2016,6.1,66,165237
358,War Dogs,2016,7.1,57,162676
359,Independence Day: Resurgence,2016,5.2,32,159450
360,The Girl on the Train,2016,6.5,48,158068
361,The Legend of Tarzan,2016,6.2,44,155301
362,Your Name.,2016,8.4,79,154412
363,Central Intelligence,2016,6.3,52,146905
364,Logan,2017,8.1,77,595697
365,Thor: Ragnarok,2017,7.9,74,528781
366,Guardians of the Galaxy Vol. 2,2017,7.6,67,520118
367,Star Wars: Episode VIII - The Last Jedi,2017,7.0,85,519053
368,Wonder Woman,2017,7.4,76,513709
369,Dunkirk,2017,7.9,94,496052
370,Spider-Man: Homecoming,2017,7.4,73,468118
371,Get Out,2017,7.7,84,439164
372,It,2017,7.3,69,417501
373,Blade Runner 2049,2017,8.0,81,409215
374,Baby Driver,2017,7.6,86,393736
375,"Three Billboards Outside Ebbing, Missouri",2017,8.2,88,376993
376,Justice League,2017,6.4,45,351468
377,The Shape of Water,2017,7.3,87,334266
378,John Wick: Chapter 2,2017,7.5,75,328386
379,Coco,2017,8.4,81,316145
380,Jumanji: Welcome to the Jungle,2017,6.9,58,281449
381,Beauty and the Beast,2017,7.1,65,252315
382,Kong: Skull Island,2017,6.6,62,251302
383,Kingsman: The Golden Circle,2017,6.7,44,247494
384,Pirates of the Caribbean: Dead Men Tell No Tales,2017,6.6,39,241180
385,Alien: Covenant,2017,6.4,65,237416
386,The Greatest Showman,2017,7.6,48,212742
387,War for the Planet of the Apes,2017,7.4,82,212024
388,Lady Bird,2017,7.4,94,197283
389,Life,2017,6.6,54,191429
390,Murder on the Orient Express,2017,6.5,52,190665
391,The Fate of the Furious,2017,6.7,56,190427
392,Ghost in the Shell,2017,6.3,52,185027
393,Wind River,2017,7.7,73,182436
394,King Arthur: Legend of the Sword,2017,6.7,41,177604
395,Call Me by Your Name,2017,7.9,93,173513
396,The Hitman's Bodyguard,2017,6.9,47,171896
397,Mother!,2017,6.6,75,171816
398,The Mummy,2017,5.4,34,162687
399,Atomic Blonde,2017,6.7,63,161341
400,"I, Tonya",2017,7.5,77,156913
401,Bright,2017,6.4,29,156243
402,Darkest Hour,2017,7.4,75,149935
403,Valerian and the City of a Thousand Planets,2017,6.5,51,149705
404,Baywatch,2017,5.5,37,147914
405,American Made,2017,7.1,65,143646
406,Transformers: The Last Knight,2017,5.2,27,126120
407,Logan,2017,8.1,77,595697
408,Thor: Ragnarok,2017,7.9,74,528781
409,Guardians of the Galaxy Vol. 2,2017,7.6,67,520118
410,Star Wars: Episode VIII - The Last Jedi,2017,7.0,85,519053
411,Wonder Woman,2017,7.4,76,513709
412,Dunkirk,2017,7.9,94,496052
413,Spider-Man: Homecoming,2017,7.4,73,468118
414,Get Out,2017,7.7,84,439164
415,It,2017,7.3,69,417501
416,Blade Runner 2049,2017,8.0,81,409215
417,Baby Driver,2017,7.6,86,393736
418,"Three Billboards Outside Ebbing, Missouri",2017,8.2,88,376993
419,Justice League,2017,6.4,45,351468
420,The Shape of Water,2017,7.3,87,334266
421,John Wick: Chapter 2,2017,7.5,75,328386
422,Coco,2017,8.4,81,316145
423,Jumanji: Welcome to the Jungle,2017,6.9,58,281449
424,Beauty and the Beast,2017,7.1,65,252315
425,Kong: Skull Island,2017,6.6,62,251302
426,Kingsman: The Golden Circle,2017,6.7,44,247494
427,Pirates of the Caribbean: Dead Men Tell No Tales,2017,6.6,39,241180
428,Alien: Covenant,2017,6.4,65,237416
429,The Greatest Showman,2017,7.6,48,212742
430,War for the Planet of the Apes,2017,7.4,82,212024
431,Lady Bird,2017,7.4,94,197283
432,Life,2017,6.6,54,191429
433,Murder on the Orient Express,2017,6.5,52,190665
434,The Fate of the Furious,2017,6.7,56,190427
435,Ghost in the Shell,2017,6.3,52,185027
436,Wind River,2017,7.7,73,182436
437,King Arthur: Legend of the Sword,2017,6.7,41,177604
438,Call Me by Your Name,2017,7.9,93,173513
439,The Hitman's Bodyguard,2017,6.9,47,171896
440,Mother!,2017,6.6,75,171816
441,The Mummy,2017,5.4,34,162687
442,Atomic Blonde,2017,6.7,63,161341
443,"I, Tonya",2017,7.5,77,156913
444,Bright,2017,6.4,29,156243
445,Darkest Hour,2017,7.4,75,149935
446,Valerian and the City of a Thousand Planets,2017,6.5,51,149705
447,Baywatch,2017,5.5,37,147914
448,American Made,2017,7.1,65,143646
449,Transformers: The Last Knight,2017,5.2,27,126120
450,Logan,2017,8.1,77,595697
451,Thor: Ragnarok,2017,7.9,74,528781
452,Guardians of the Galaxy Vol. 2,2017,7.6,67,520118
453,Star Wars: Episode VIII - The Last Jedi,2017,7.0,85,519053
454,Wonder Woman,2017,7.4,76,513709
455,Dunkirk,2017,7.9,94,496052
456,Spider-Man: Homecoming,2017,7.4,73,468118
457,Get Out,2017,7.7,84,439164
458,It,2017,7.3,69,417501
459,Blade Runner 2049,2017,8.0,81,409215
460,Baby Driver,2017,7.6,86,393736
461,"Three Billboards Outside Ebbing, Missouri",2017,8.2,88,376993
462,Justice League,2017,6.4,45,351468
463,The Shape of Water,2017,7.3,87,334266
464,John Wick: Chapter 2,2017,7.5,75,328386
465,Coco,2017,8.4,81,316145
466,Jumanji: Welcome to the Jungle,2017,6.9,58,281449
467,Beauty and the Beast,2017,7.1,65,252315
468,Kong: Skull Island,2017,6.6,62,251302
469,Kingsman: The Golden Circle,2017,6.7,44,247494
470,Pirates of the Caribbean: Dead Men Tell No Tales,2017,6.6,39,241180
471,Alien: Covenant,2017,6.4,65,237416
472,The Greatest Showman,2017,7.6,48,212742
473,War for the Planet of the Apes,2017,7.4,82,212024
474,Lady Bird,2017,7.4,94,197283
475,Life,2017,6.6,54,191429
476,Murder on the Orient Express,2017,6.5,52,190665
477,The Fate of the Furious,2017,6.7,56,190427
478,Ghost in the Shell,2017,6.3,52,185027
479,Wind River,2017,7.7,73,182436
480,King Arthur: Legend of the Sword,2017,6.7,41,177604
481,Call Me by Your Name,2017,7.9,93,173513
482,The Hitman's Bodyguard,2017,6.9,47,171896
483,Mother!,2017,6.6,75,171816
484,The Mummy,2017,5.4,34,162687
485,Atomic Blonde,2017,6.7,63,161341
486,"I, Tonya",2017,7.5,77,156913
487,Bright,2017,6.4,29,156243
488,Darkest Hour,2017,7.4,75,149935
489,Valerian and the City of a Thousand Planets,2017,6.5,51,149705
490,Baywatch,2017,5.5,37,147914
491,American Made,2017,7.1,65,143646
492,Transformers: The Last Knight,2017,5.2,27,126120
493,Logan,2017,8.1,77,595697
494,Thor: Ragnarok,2017,7.9,74,528781
495,Guardians of the Galaxy Vol. 2,2017,7.6,67,520118
496,Star Wars: Episode VIII - The Last Jedi,2017,7.0,85,519053
497,Wonder Woman,2017,7.4,76,513709
498,Dunkirk,2017,7.9,94,496052
499,Spider-Man: Homecoming,2017,7.4,73,468118
500,Get Out,2017,7.7,84,439164
501,It,2017,7.3,69,417501
502,Blade Runner 2049,2017,8.0,81,409215
503,Baby Driver,2017,7.6,86,393736
504,"Three Billboards Outside Ebbing, Missouri",2017,8.2,88,376993
505,Justice League,2017,6.4,45,351468
506,The Shape of Water,2017,7.3,87,334266
507,John Wick: Chapter 2,2017,7.5,75,328386
508,Coco,2017,8.4,81,316145
509,Jumanji: Welcome to the Jungle,2017,6.9,58,281449
510,Beauty and the Beast,2017,7.1,65,252315
511,Kong: Skull Island,2017,6.6,62,251302
512,Kingsman: The Golden Circle,2017,6.7,44,247494
513,Pirates of the Caribbean: Dead Men Tell No Tales,2017,6.6,39,241180
514,Alien: Covenant,2017,6.4,65,237416
515,The Greatest Showman,2017,7.6,48,212742
516,War for the Planet of the Apes,2017,7.4,82,212024
517,Lady Bird,2017,7.4,94,197283
518,Life,2017,6.6,54,191429
519,Murder on the Orient Express,2017,6.5,52,190665
520,The Fate of the Furious,2017,6.7,56,190427
521,Ghost in the Shell,2017,6.3,52,185027
522,Wind River,2017,7.7,73,182436
523,King Arthur: Legend of the Sword,2017,6.7,41,177604
524,Call Me by Your Name,2017,7.9,93,173513
525,The Hitman's Bodyguard,2017,6.9,47,171896
526,Mother!,2017,6.6,75,171816
527,The Mummy,2017,5.4,34,162687
528,Atomic Blonde,2017,6.7,63,161341
529,"I, Tonya",2017,7.5,77,156913
530,Bright,2017,6.4,29,156243
531,Darkest Hour,2017,7.4,75,149935
532,Valerian and the City of a Thousand Planets,2017,6.5,51,149705
533,Baywatch,2017,5.5,37,147914
534,American Made,2017,7.1,65,143646
535,Transformers: The Last Knight,2017,5.2,27,126120
536,Avengers: Infinity War,2018,8.5,68,740565
537,Black Panther,2018,7.3,88,560404
538,Deadpool 2,2018,7.7,66,432992
539,Bohemian Rhapsody,2018,8.0,49,403174
540,A Quiet Place,2018,7.5,82,347034
541,Ready Player One,2018,7.5,64,326977
542,Aquaman,2018,7.0,55,320747
543,Venom,2018,6.7,35,318976
544,A Star Is Born,2018,7.7,88,292793
545,Spider-Man: Into the Spider-Verse,2018,8.4,87,289848
546,Green Book,2018,8.2,69,279815
547,Ant-Man and the Wasp,2018,7.1,70,273796
548,Mission: Impossible - Fallout,2018,7.8,86,259333
549,Solo: A Star Wars Story,2018,6.9,62,257697
550,Annihilation,2018,6.9,79,250244
551,Bird Box,2018,6.6,51,243928
552,Jurassic World: Fallen Kingdom,2018,6.2,51,237527
553,Incredibles 2,2018,7.7,80,223642
554,Fantastic Beasts: The Crimes of Grindelwald,2018,6.6,52,191820
555,Hereditary,2018,7.3,87,189635
556,Game Night,2018,6.9,66,179962
557,Tomb Raider,2018,6.3,48,175744
558,BlacKkKlansman,2018,7.5,83,175664
559,Ocean's Eight,2018,6.2,61,159333
560,Red Sparrow,2018,6.6,53,149013
561,First Man,2018,7.3,84,143726
562,The Favourite,2018,7.6,90,143370
563,The Meg,2018,5.7,46,129119
564,Rampage,2018,6.1,45,126364
565,Upgrade,2018,7.5,67,124378
566,Roma,2018,7.7,96,121116
567,Isle of Dogs,2018,7.9,82,120753
568,Searching,2018,7.6,71,117166
569,Crazy Rich Asians,2018,6.9,74,116862
570,Bumblebee,2018,6.8,66,116654
571,The Equalizer 2,2018,6.7,50,112071
572,Ralph Breaks the Internet,2018,7.1,71,110440
573,Bad Times at the El Royale,2018,7.1,60,110211
574,Sicario: Day of the Soldado,2018,7.1,61,108305
575,The Predator,2018,5.4,48,105922
576,A Simple Favor,2018,6.8,67,104829
577,Halloween,2018,6.6,67,104813
578,The Nun,2018,5.3,46,103741
579,The Ballad of Buster Scruggs,2018,7.3,79,101835
580,Maze Runner: The Death Cure,2018,6.2,50,99183
581,Vice,2018,7.2,61,98256
582,Tag,2018,6.5,56,96702
583,Avengers: Infinity War,2018,8.5,68,740565
584,Black Panther,2018,7.3,88,560404
585,Deadpool 2,2018,7.7,66,432992
586,Bohemian Rhapsody,2018,8.0,49,403174
587,A Quiet Place,2018,7.5,82,347034
588,Ready Player One,2018,7.5,64,326977
589,Aquaman,2018,7.0,55,320747
590,Venom,2018,6.7,35,318976
591,A Star Is Born,2018,7.7,88,292793
592,Spider-Man: Into the Spider-Verse,2018,8.4,87,289848
593,Green Book,2018,8.2,69,279815
594,Ant-Man and the Wasp,2018,7.1,70,273796
595,Mission: Impossible - Fallout,2018,7.8,86,259333
596,Solo: A Star Wars Story,2018,6.9,62,257697
597,Annihilation,2018,6.9,79,250244
598,Bird Box,2018,6.6,51,243928
599,Jurassic World: Fallen Kingdom,2018,6.2,51,237527
600,Incredibles 2,2018,7.7,80,223642
601,Fantastic Beasts: The Crimes of Grindelwald,2018,6.6,52,191820
602,Hereditary,2018,7.3,87,189635
603,Game Night,2018,6.9,66,179962
604,Tomb Raider,2018,6.3,48,175744
605,BlacKkKlansman,2018,7.5,83,175664
606,Ocean's Eight,2018,6.2,61,159333
607,Red Sparrow,2018,6.6,53,149013
608,First Man,2018,7.3,84,143726
609,The Favourite,2018,7.6,90,143370
610,The Meg,2018,5.7,46,129119
611,Rampage,2018,6.1,45,126364
612,Upgrade,2018,7.5,67,124378
613,Roma,2018,7.7,96,121116
614,Isle of Dogs,2018,7.9,82,120753
615,Searching,2018,7.6,71,117166
616,Crazy Rich Asians,2018,6.9,74,116862
617,Bumblebee,2018,6.8,66,116654
618,The Equalizer 2,2018,6.7,50,112071
619,Ralph Breaks the Internet,2018,7.1,71,110440
620,Bad Times at the El Royale,2018,7.1,60,110211
621,Sicario: Day of the Soldado,2018,7.1,61,108305
622,The Predator,2018,5.4,48,105922
623,A Simple Favor,2018,6.8,67,104829
624,Halloween,2018,6.6,67,104813
625,The Nun,2018,5.3,46,103741
626,The Ballad of Buster Scruggs,2018,7.3,79,101835
627,Maze Runner: The Death Cure,2018,6.2,50,99183
628,Vice,2018,7.2,61,98256
629,Tag,2018,6.5,56,96702
630,Avengers: Infinity War,2018,8.5,68,740565
631,Black Panther,2018,7.3,88,560404
632,Deadpool 2,2018,7.7,66,432992
633,Bohemian Rhapsody,2018,8.0,49,403174
634,A Quiet Place,2018,7.5,82,347034
635,Ready Player One,2018,7.5,64,326977
636,Aquaman,2018,7.0,55,320747
637,Venom,2018,6.7,35,318976
638,A Star Is Born,2018,7.7,88,292793
639,Spider-Man: Into the Spider-Verse,2018,8.4,87,289848
640,Green Book,2018,8.2,69,279815
641,Ant-Man and the Wasp,2018,7.1,70,273796
642,Mission: Impossible - Fallout,2018,7.8,86,259333
643,Solo: A Star Wars Story,2018,6.9,62,257697
644,Annihilation,2018,6.9,79,250244
645,Bird Box,2018,6.6,51,243928
646,Jurassic World: Fallen Kingdom,2018,6.2,51,237527
647,Incredibles 2,2018,7.7,80,223642
648,Fantastic Beasts: The Crimes of Grindelwald,2018,6.6,52,191820
649,Hereditary,2018,7.3,87,189635
650,Game Night,2018,6.9,66,179962
651,Tomb Raider,2018,6.3,48,175744
652,BlacKkKlansman,2018,7.5,83,175664
653,Ocean's Eight,2018,6.2,61,159333
654,Red Sparrow,2018,6.6,53,149013
655,First Man,2018,7.3,84,143726
656,The Favourite,2018,7.6,90,143370
657,The Meg,2018,5.7,46,129119
658,Rampage,2018,6.1,45,126364
659,Upgrade,2018,7.5,67,124378
660,Roma,2018,7.7,96,121116
661,Isle of Dogs,2018,7.9,82,120753
662,Searching,2018,7.6,71,117166
663,Crazy Rich Asians,2018,6.9,74,116862
664,Bumblebee,2018,6.8,66,116654
665,The Equalizer 2,2018,6.7,50,112071
666,Ralph Breaks the Internet,2018,7.1,71,110440
667,Bad Times at the El Royale,2018,7.1,60,110211
668,Sicario: Day of the Soldado,2018,7.1,61,108305
669,The Predator,2018,5.4,48,105922
670,A Simple Favor,2018,6.8,67,104829
671,Halloween,2018,6.6,67,104813
672,The Nun,2018,5.3,46,103741
673,The Ballad of Buster Scruggs,2018,7.3,79,101835
674,Maze Runner: The Death Cure,2018,6.2,50,99183
675,Vice,2018,7.2,61,98256
676,Tag,2018,6.5,56,96702
677,Avengers: Infinity War,2018,8.5,68,740565
678,Black Panther,2018,7.3,88,560404
679,Deadpool 2,2018,7.7,66,432992
680,Bohemian Rhapsody,2018,8.0,49,403174
681,A Quiet Place,2018,7.5,82,347034
682,Ready Player One,2018,7.5,64,326977
683,Aquaman,2018,7.0,55,320747
684,Venom,2018,6.7,35,318976
685,A Star Is Born,2018,7.7,88,292793
686,Spider-Man: Into the Spider-Verse,2018,8.4,87,289848
687,Green Book,2018,8.2,69,279815
688,Ant-Man and the Wasp,2018,7.1,70,273796
689,Mission: Impossible - Fallout,2018,7.8,86,259333
690,Solo: A Star Wars Story,2018,6.9,62,257697
691,Annihilation,2018,6.9,79,250244
692,Bird Box,2018,6.6,51,243928
693,Jurassic World: Fallen Kingdom,2018,6.2,51,237527
694,Incredibles 2,2018,7.7,80,223642
695,Fantastic Beasts: The Crimes of Grindelwald,2018,6.6,52,191820
696,Hereditary,2018,7.3,87,189635
697,Game Night,2018,6.9,66,179962
698,Tomb Raider,2018,6.3,48,175744
699,BlacKkKlansman,2018,7.5,83,175664
700,Ocean's Eight,2018,6.2,61,159333
701,Red Sparrow,2018,6.6,53,149013
702,First Man,2018,7.3,84,143726
703,The Favourite,2018,7.6,90,143370
704,The Meg,2018,5.7,46,129119
705,Rampage,2018,6.1,45,126364
706,Upgrade,2018,7.5,67,124378
707,Roma,2018,7.7,96,121116
708,Isle of Dogs,2018,7.9,82,120753
709,Searching,2018,7.6,71,117166
710,Crazy Rich Asians,2018,6.9,74,116862
711,Bumblebee,2018,6.8,66,116654
712,The Equalizer 2,2018,6.7,50,112071
713,Ralph Breaks the Internet,2018,7.1,71,110440
714,Bad Times at the El Royale,2018,7.1,60,110211
715,Sicario: Day of the Soldado,2018,7.1,61,108305
716,The Predator,2018,5.4,48,105922
717,A Simple Favor,2018,6.8,67,104829
718,Halloween,2018,6.6,67,104813
719,The Nun,2018,5.3,46,103741
720,The Ballad of Buster Scruggs,2018,7.3,79,101835
721,Maze Runner: The Death Cure,2018,6.2,50,99183
722,Vice,2018,7.2,61,98256
723,Tag,2018,6.5,56,96702
724,Avengers: Endgame,2019,8.5,78,647448
725,Joker,2019,8.6,59,613582
726,Captain Marvel,2019,6.9,64,389361
727,Once Upon a Time... in Hollywood,2019,7.8,83,337740
728,Spider-Man: Far from Home,2019,7.6,69,255495
729,Star Wars: The Rise Of Skywalker,2019,6.9,54,230381
730,John Wick: Chapter 3 - Parabellum,2019,7.5,73,212957
731,Shazam!,2019,7.1,71,207938
732,The Irishman,2019,8.0,94,201640
733,Alita: Battle Angel,2019,7.3,53,183178
734,Glass,2019,6.7,43,178527
735,Us,2019,6.9,81,176572
736,Aladdin,2019,7.0,53,172778
737,The Lion King,2019,7.0,55,156151
738,Parasite,2019,8.6,96,150809
739,It Chapter Two,2019,6.7,58,148900
740,Toy Story 4,2019,7.9,84,146504
741,El Camino: A Breaking Bad Movie,2019,7.4,72,145601
742,Fast & Furious Presents: Hobbs & Shaw,2019,6.5,60,128281
743,Ad Astra,2019,6.7,80,126546
744,Marriage Story,2019,8.1,93,125331
745,X-Men: Dark Phoenix,2019,5.8,43,120646
746,Knives Out,2019,8.1,82,119832
747,Pokémon Detective Pikachu,2019,6.6,53,110941
748,Godzilla: King of the Monsters,2019,6.1,48,104618
749,Midsommar,2019,7.2,72,101833
750,Ford v Ferrari,2019,8.3,81,90703
751,Rocketman,2019,7.4,69,89805
752,Triple Frontier,2019,6.5,61,89085
753,6 Underground,2019,6.1,41,85813
754,How to Train Your Dragon: The Hidden World,2019,7.5,71,84343
755,Men in Black: International,2019,5.6,38,82512
756,Murder Mystery,2019,6.0,38,78931
757,Yesterday,2019,6.9,55,74233
758,Zombieland: Double Tap,2019,6.9,55,68025
759,Long Shot,2019,6.9,67,66010
760,Pet Sematary,2019,5.8,57,65403
761,Avengers: Endgame,2019,8.5,78,647448
762,Joker,2019,8.6,59,613582
763,Captain Marvel,2019,6.9,64,389361
764,Once Upon a Time... in Hollywood,2019,7.8,83,337740
765,Spider-Man: Far from Home,2019,7.6,69,255495
766,Star Wars: The Rise Of Skywalker,2019,6.9,54,230381
767,John Wick: Chapter 3 - Parabellum,2019,7.5,73,212957
768,Shazam!,2019,7.1,71,207938
769,The Irishman,2019,8.0,94,201640
770,Alita: Battle Angel,2019,7.3,53,183178
771,Glass,2019,6.7,43,178527
772,Us,2019,6.9,81,176572
773,Aladdin,2019,7.0,53,172778
774,The Lion King,2019,7.0,55,156151
775,Parasite,2019,8.6,96,150809
776,It Chapter Two,2019,6.7,58,148900
777,Toy Story 4,2019,7.9,84,146504
778,El Camino: A Breaking Bad Movie,2019,7.4,72,145601
779,Fast & Furious Presents: Hobbs & Shaw,2019,6.5,60,128281
780,Ad Astra,2019,6.7,80,126546
781,Marriage Story,2019,8.1,93,125331
782,X-Men: Dark Phoenix,2019,5.8,43,120646
783,Knives Out,2019,8.1,82,119832
784,Pokémon Detective Pikachu,2019,6.6,53,110941
785,Godzilla: King of the Monsters,2019,6.1,48,104618
786,Midsommar,2019,7.2,72,101833
787,Ford v Ferrari,2019,8.3,81,90703
788,Rocketman,2019,7.4,69,89805
789,Triple Frontier,2019,6.5,61,89085
790,6 Underground,2019,6.1,41,85813
791,How to Train Your Dragon: The Hidden World,2019,7.5,71,84343
792,Men in Black: International,2019,5.6,38,82512
793,Murder Mystery,2019,6.0,38,78931
794,Yesterday,2019,6.9,55,74233
795,Zombieland: Double Tap,2019,6.9,55,68025
796,Long Shot,2019,6.9,67,66010
797,Pet Sematary,2019,5.8,57,65403
798,Avengers: Endgame,2019,8.5,78,647448
799,Joker,2019,8.6,59,613582
800,Captain Marvel,2019,6.9,64,389361
801,Once Upon a Time... in Hollywood,2019,7.8,83,337740
802,Spider-Man: Far from Home,2019,7.6,69,255495
803,Star Wars: The Rise Of Skywalker,2019,6.9,54,230381
804,John Wick: Chapter 3 - Parabellum,2019,7.5,73,212957
805,Shazam!,2019,7.1,71,207938
806,The Irishman,2019,8.0,94,201640
807,Alita: Battle Angel,2019,7.3,53,183178
808,Glass,2019,6.7,43,178527
809,Us,2019,6.9,81,176572
810,Aladdin,2019,7.0,53,172778
811,The Lion King,2019,7.0,55,156151
812,Parasite,2019,8.6,96,150809
813,It Chapter Two,2019,6.7,58,148900
814,Toy Story 4,2019,7.9,84,146504
815,El Camino: A Breaking Bad Movie,2019,7.4,72,145601
816,Fast & Furious Presents: Hobbs & Shaw,2019,6.5,60,128281
817,Ad Astra,2019,6.7,80,126546
818,Marriage Story,2019,8.1,93,125331
819,X-Men: Dark Phoenix,2019,5.8,43,120646
820,Knives Out,2019,8.1,82,119832
821,Pokémon Detective Pikachu,2019,6.6,53,110941
822,Godzilla: King of the Monsters,2019,6.1,48,104618
823,Midsommar,2019,7.2,72,101833
824,Ford v Ferrari,2019,8.3,81,90703
825,Rocketman,2019,7.4,69,89805
826,Triple Frontier,2019,6.5,61,89085
827,6 Underground,2019,6.1,41,85813
828,How to Train Your Dragon: The Hidden World,2019,7.5,71,84343
829,Men in Black: International,2019,5.6,38,82512
830,Murder Mystery,2019,6.0,38,78931
831,Yesterday,2019,6.9,55,74233
832,Zombieland: Double Tap,2019,6.9,55,68025
833,Long Shot,2019,6.9,67,66010
834,Pet Sematary,2019,5.8,57,65403
835,Avengers: Endgame,2019,8.5,78,647448
836,Joker,2019,8.6,59,613582
837,Captain Marvel,2019,6.9,64,389361
838,Once Upon a Time... in Hollywood,2019,7.8,83,337740
839,Spider-Man: Far from Home,2019,7.6,69,255495
840,Star Wars: The Rise Of Skywalker,2019,6.9,54,230381
841,John Wick: Chapter 3 - Parabellum,2019,7.5,73,212957
842,Shazam!,2019,7.1,71,207938
843,The Irishman,2019,8.0,94,201640
844,Alita: Battle Angel,2019,7.3,53,183178
845,Glass,2019,6.7,43,178527
846,Us,2019,6.9,81,176572
847,Aladdin,2019,7.0,53,172778
848,The Lion King,2019,7.0,55,156151
849,Parasite,2019,8.6,96,150809
850,It Chapter Two,2019,6.7,58,148900
851,Toy Story 4,2019,7.9,84,146504
852,El Camino: A Breaking Bad Movie,2019,7.4,72,145601
853,Fast & Furious Presents: Hobbs & Shaw,2019,6.5,60,128281
854,Ad Astra,2019,6.7,80,126546
855,Marriage Story,2019,8.1,93,125331
856,X-Men: Dark Phoenix,2019,5.8,43,120646
857,Knives Out,2019,8.1,82,119832
858,Pokémon Detective Pikachu,2019,6.6,53,110941
859,Godzilla: King of the Monsters,2019,6.1,48,104618
860,Midsommar,2019,7.2,72,101833
861,Ford v Ferrari,2019,8.3,81,90703
862,Rocketman,2019,7.4,69,89805
863,Triple Frontier,2019,6.5,61,89085
864,6 Underground,2019,6.1,41,85813
865,How to Train Your Dragon: The Hidden World,2019,7.5,71,84343
866,Men in Black: International,2019,5.6,38,82512
867,Murder Mystery,2019,6.0,38,78931
868,Yesterday,2019,6.9,55,74233
869,Zombieland: Double Tap,2019,6.9,55,68025
870,Long Shot,2019,6.9,67,66010
871,Pet Sematary,2019,5.8,57,65403
